{
    "name": "pipeline5",
    "properties": {
        "activities": [
            {
                "name": "Copy data1",
                "type": "Copy",
                "dependsOn": [],
                "policy": {
                    "timeout": "7.00:00:00",
                    "retry": 0,
                    "retryIntervalInSeconds": 30,
                    "secureOutput": false,
                    "secureInput": false
                },
                "userProperties": [],
                "typeProperties": {
                    "source": {
                        "type": "ExcelSource",
                        "storeSettings": {
                            "type": "AzureBlobStorageReadSettings",
                            "recursive": true,
                            "enablePartitionDiscovery": false
                        }
                    },
                    "sink": {
                        "type": "AzureSqlSink",
                        "writeBehavior": "insert",
                        "sqlWriterUseTableLock": false
                    },
                    "enableStaging": false,
                    "enableSkipIncompatibleRow": true,
                    "logSettings": {
                        "enableCopyActivityLog": true,
                        "copyActivityLogSettings": {
                            "logLevel": "Warning",
                            "enableReliableLogging": false
                        },
                        "logLocationSettings": {
                            "linkedServiceName": {
                                "referenceName": "AzureBlobStorage1",
                                "type": "LinkedServiceReference"
                            }
                        }
                    },
                    "translator": {
                        "type": "TabularTranslator",
                        "mappings": [
                            {
                                "source": {
                                    "name": "product_tag",
                                    "type": "String",
                                    "physicalType": "String"
                                },
                                "sink": {
                                    "name": "product_tag",
                                    "type": "String",
                                    "physicalType": "nvarchar"
                                }
                            },
                            {
                                "source": {
                                    "name": "market_long_description",
                                    "type": "String",
                                    "physicalType": "String"
                                },
                                "sink": {
                                    "name": "market_long_description",
                                    "type": "String",
                                    "physicalType": "nvarchar"
                                }
                            },
                            {
                                "source": {
                                    "name": "market_short_description",
                                    "type": "String",
                                    "physicalType": "String"
                                },
                                "sink": {
                                    "name": "market_short_description",
                                    "type": "String",
                                    "physicalType": "nvarchar"
                                }
                            },
                            {
                                "source": {
                                    "name": "country",
                                    "type": "String",
                                    "physicalType": "String"
                                },
                                "sink": {
                                    "name": "country",
                                    "type": "String",
                                    "physicalType": "varchar"
                                }
                            },
                            {
                                "source": {
                                    "name": "sales_units",
                                    "type": "String",
                                    "physicalType": "String"
                                },
                                "sink": {
                                    "name": "sales_units",
                                    "type": "Decimal",
                                    "physicalType": "decimal",
                                    "scale": 5,
                                    "precision": 25
                                }
                            },
                            {
                                "source": {
                                    "name": "sales_units_yrago",
                                    "type": "String",
                                    "physicalType": "String"
                                },
                                "sink": {
                                    "name": "sales_units_yrago",
                                    "type": "Decimal",
                                    "physicalType": "decimal",
                                    "scale": 5,
                                    "precision": 25
                                }
                            },
                            {
                                "source": {
                                    "name": "sales_volume",
                                    "type": "String",
                                    "physicalType": "String"
                                },
                                "sink": {
                                    "name": "sales_volume",
                                    "type": "Decimal",
                                    "physicalType": "decimal",
                                    "scale": 5,
                                    "precision": 25
                                }
                            }
                        ],
                        "typeConversion": true,
                        "typeConversionSettings": {
                            "allowDataTruncation": true,
                            "treatBooleanAsNumber": false
                        }
                    }
                },
                "inputs": [
                    {
                        "referenceName": "Excel1",
                        "type": "DatasetReference"
                    }
                ],
                "outputs": [
                    {
                        "referenceName": "AzureSqlTable1",
                        "type": "DatasetReference"
                    }
                ]
            }
        ],
        "annotations": [],
        "lastPublishTime": "2022-02-10T07:36:55Z"
    },
    "type": "Microsoft.DataFactory/factories/pipelines"
}