{
    "now": "2022-02-16T20:23:19.464Z",
    "perfNow": 141945182.5,
    "diagnosticCorrelation": "2aa39f6b-124b-4490-a49c-7e065d7911ae",
    "source": "DownloadSupportFiles",
    "environment": {
        "productName": "adf",
        "buildVersion": "1.0.021322.7",
        "environmentType": 3,
        "resourceName": "adfusingakv",
        "resourceRegion": "eastus",
        "resourceGroup": "Data-CoE",
        "subscriptionId": "da74e3ed-9c9a-4605-8fae-10f3492c0f5c",
        "sessionId": "Q1C/B",
        "operationId": "okdMu",
        "gitType": "GitHub"
    },
    "additionalInfo": {
        "selectedResource": "pipeline1",
        "selectedResourceType": "pipeline",
        "dataFlowSessionId": "54725a64-869f-4e21-b09c-0deda11fa555"
    }
}