{
    "now": "2022-02-15T19:26:10.650Z",
    "perfNow": 4230987.799999714,
    "diagnosticCorrelation": "4e8ac78a-9501-46d2-8b04-e87ade8f29d5",
    "source": "DownloadSupportFiles",
    "environment": {
        "productName": "a365",
        "buildVersion": "22.0208.14",
        "environmentType": 9,
        "resourceName": "synapsekeyvault",
        "resourceRegion": "eastus",
        "resourceGroup": "Data-CoE",
        "subscriptionId": "da74e3ed-9c9a-4605-8fae-10f3492c0f5c",
        "sessionId": "NMGCW",
        "operationId": "05NUD",
        "gitType": "GitHub"
    },
    "additionalInfo": {
        "selectedResource": "pipeline1",
        "selectedResourceType": "pipeline"
    }
}